{"5.33333333333333_-60x-180":{"count":[38801],"verts":[12,465612],"normals":[465636,465612],"uvs":[931250,310408],"componentCount":[2],"indices":[1241665,460800,230400]},"5.33333333333333_-60x-135":{"count":[38801],"verts":[12,465612],"normals":[465636,465612],"uvs":[931250,310408],"componentCount":[2],"indices":[1241665,460800,230400]},"5.33333333333333_-60x-90":{"count":[38801],"verts":[12,465612],"normals":[465636,465612],"uvs":[931250,310408],"componentCount":[2],"indices":[1241665,460800,230400]},"5.33333333333333_-60x-45":{"count":[38801],"verts":[12,465612],"normals":[465636,465612],"uvs":[931250,310408],"componentCount":[2],"indices":[1241665,460800,230400]},"5.33333333333333_-60x0":{"count":[38801],"verts":[12,465612],"normals":[465636,465612],"uvs":[931250,310408],"componentCount":[2],"indices":[1241665,460800,230400]},"5.33333333333333_-60x45":{"count":[38801],"verts":[12,465612],"normals":[465636,465612],"uvs":[931250,310408],"componentCount":[2],"indices":[1241665,460800,230400]},"5.33333333333333_-60x90":{"count":[38801],"verts":[12,465612],"normals":[465636,465612],"uvs":[931250,310408],"componentCount":[2],"indices":[1241665,460800,230400]},"5.33333333333333_-60x135":{"count":[38801],"verts":[12,465612],"normals":[465636,465612],"uvs":[931250,310408],"componentCount":[2],"indices":[1241665,460800,230400]},"5.33333333333333_-30x-180":{"count":[38801],"verts":[12,465612],"normals":[465636,465612],"uvs":[931250,310408],"componentCount":[2],"indices":[1241665,460800,230400]},"5.33333333333333_-30x-135":{"count":[38801],"verts":[12,465612],"normals":[465636,465612],"uvs":[931250,310408],"componentCount":[2],"indices":[1241665,460800,230400]},"5.33333333333333_-30x-90":{"count":[38801],"verts":[12,465612],"normals":[465636,465612],"uvs":[931250,310408],"componentCount":[2],"indices":[1241665,460800,230400]},"5.33333333333333_-30x-45":{"count":[38801],"verts":[12,465612],"normals":[465636,465612],"uvs":[931250,310408],"componentCount":[2],"indices":[1241665,460800,230400]},"5.33333333333333_-30x0":{"count":[38801],"verts":[12,465612],"normals":[465636,465612],"uvs":[931250,310408],"componentCount":[2],"indices":[1241665,460800,230400]},"5.33333333333333_-30x45":{"count":[38801],"verts":[12,465612],"normals":[465636,465612],"uvs":[931250,310408],"componentCount":[2],"indices":[1241665,460800,230400]},"5.33333333333333_-30x90":{"count":[38801],"verts":[12,465612],"normals":[465636,465612],"uvs":[931250,310408],"componentCount":[2],"indices":[1241665,460800,230400]},"5.33333333333333_-30x135":{"count":[38801],"verts":[12,465612],"normals":[465636,465612],"uvs":[931250,310408],"componentCount":[2],"indices":[1241665,460800,230400]},"5.33333333333333_0x-180":{"count":[38801],"verts":[12,465612],"normals":[465636,465612],"uvs":[931250,310408],"componentCount":[2],"indices":[1241665,460800,230400]},"5.33333333333333_0x-135":{"count":[38801],"verts":[12,465612],"normals":[465636,465612],"uvs":[931250,310408],"componentCount":[2],"indices":[1241665,460800,230400]},"5.33333333333333_0x-90":{"count":[38801],"verts":[12,465612],"normals":[465636,465612],"uvs":[931250,310408],"componentCount":[2],"indices":[1241665,460800,230400]},"5.33333333333333_0x-45":{"count":[38801],"verts":[12,465612],"normals":[465636,465612],"uvs":[931250,310408],"componentCount":[2],"indices":[1241665,460800,230400]},"5.33333333333333_0x0":{"count":[38801],"verts":[12,465612],"normals":[465636,465612],"uvs":[931250,310408],"componentCount":[2],"indices":[1241665,460800,230400]},"5.33333333333333_0x45":{"count":[38801],"verts":[12,465612],"normals":[465636,465612],"uvs":[931250,310408],"componentCount":[2],"indices":[1241665,460800,230400]},"5.33333333333333_0x90":{"count":[38801],"verts":[12,465612],"normals":[465636,465612],"uvs":[931250,310408],"componentCount":[2],"indices":[1241665,460800,230400]},"5.33333333333333_0x135":{"count":[38801],"verts":[12,465612],"normals":[465636,465612],"uvs":[931250,310408],"componentCount":[2],"indices":[1241665,460800,230400]},"5.33333333333333_30x-180":{"count":[38801],"verts":[12,465612],"normals":[465636,465612],"uvs":[931250,310408],"componentCount":[2],"indices":[1241665,460800,230400]},"5.33333333333333_30x-135":{"count":[38801],"verts":[12,465612],"normals":[465636,465612],"uvs":[931250,310408],"componentCount":[2],"indices":[1241665,460800,230400]},"5.33333333333333_30x-90":{"count":[38801],"verts":[12,465612],"normals":[465636,465612],"uvs":[931250,310408],"componentCount":[2],"indices":[1241665,460800,230400]},"5.33333333333333_30x-45":{"count":[38801],"verts":[12,465612],"normals":[465636,465612],"uvs":[931250,310408],"componentCount":[2],"indices":[1241665,460800,230400]},"5.33333333333333_30x0":{"count":[38801],"verts":[12,465612],"normals":[465636,465612],"uvs":[931250,310408],"componentCount":[2],"indices":[1241665,460800,230400]},"5.33333333333333_30x45":{"count":[38801],"verts":[12,465612],"normals":[465636,465612],"uvs":[931250,310408],"componentCount":[2],"indices":[1241665,460800,230400]},"5.33333333333333_30x90":{"count":[38801],"verts":[12,465612],"normals":[465636,465612],"uvs":[931250,310408],"componentCount":[2],"indices":[1241665,460800,230400]},"5.33333333333333_30x135":{"count":[38801],"verts":[12,465612],"normals":[465636,465612],"uvs":[931250,310408],"componentCount":[2],"indices":[1241665,460800,230400]}}